{"cameraMode":{"drawMode":0,"name":"Shaded","section":"Shading Mode"},"sceneLighting":true,"audioPlay":false,"sceneViewState":{"showFog":true,"showMaterialUpdate":false,"showSkybox":true,"showFlares":true,"showImageEffects":true,"showParticleSystems":true},"in2DMode":false,"pivot":{"x":-1.1787471771240235,"y":2.791757106781006,"z":-3.4903087615966799},"rotation":{"x":-0.01376593392342329,"y":0.0785091295838356,"z":-0.0011130321072414518,"w":-0.996878981590271},"size":13.354703903198243,"orthographic":false}